0.000000000000000000e+00,1.915929033988581127e-05,8.850340738118418218e-05,1.319435281699432539e-04,0.000000000000000000e+00,6.232748642151188971e-04,1.234108915685889780e-03,1.754319918683883497e-02,2.814825997373571285e-03,0.000000000000000000e+00,0.000000000000000000e+00,9.990280350254243658e-02,5.031507725110304641e-01,1.567980193934392485e-03,0.000000000000000000e+00,1.404660369992559226e-03,7.342503096421562625e-02,1.227697536108751097e-01,2.722582596923285581e-02,6.818723006477841542e-04,9.284115055369798059e-03,1.172135986457469442e-01,0.000000000000000000e+00,0.000000000000000000e+00,1.207104667148886992e-03,1.085014041358182317e-03,0.000000000000000000e+00,1.584480044515520483e-03,0.000000000000000000e+00,4.131255901794145778e-03,0.000000000000000000e+00,4.910753462640093242e-05,6.217959045047140938e-05,3.073754745108887696e-05,0.000000000000000000e+00,3.861252332839951152e-04,5.241639584862144586e-04,2.349088838268792723e-01,4.013002126891127106e-05,1.536105367945478084e-01,4.585760905461067072e-02,1.422037614613825890e-03,3.099045493987852068e-05,1.757083241818581214e-03,1.715067068871665712e-01,0.000000000000000000e+00,0.000000000000000000e+00,5.001000200040008016e-05,0.000000000000000000e+00,0.000000000000000000e+00,0.000000000000000000e+00,0.000000000000000000e+00,1.476232654266312417e-04,3.006872852233677135e-04,0.000000000000000000e+00
0.000000000000000000e+00,0.000000000000000000e+00,3.777325427028940807e-01,0.000000000000000000e+00,5.903187721369539251e-04,4.738157499180902128e-03,1.336835126076439846e-03,0.000000000000000000e+00,0.000000000000000000e+00,8.447684391080617639e-02,2.746098348778941434e-01,0.000000000000000000e+00,0.000000000000000000e+00,1.873323705384774204e-02,3.002735505670249827e-01,8.871908901201328024e-02,0.000000000000000000e+00,0.000000000000000000e+00,3.193908577560875694e-05,3.172519259078710688e-03,0.000000000000000000e+00,7.255990529452585863e-04,0.000000000000000000e+00,2.960791368309616603e-02,3.139026616627409345e-03,1.608014159091340767e-02,7.396945891075999702e-02,4.562373267409238625e-03,0.000000000000000000e+00,3.830907170037116914e-03,1.138901295221080891e-02,1.781677092900024392e-02,8.915640924483899711e-05,0.000000000000000000e+00,0.000000000000000000e+00,0.000000000000000000e+00,2.096655833944857889e-04,0.000000000000000000e+00,0.000000000000000000e+00,0.000000000000000000e+00,5.636978579481397716e-04,6.403273387368116007e-04,7.143844771166520504e-04,1.647265539204919790e-02,6.076470038328503831e-04,4.479365889388835925e-02,0.000000000000000000e+00,3.393321826887205767e-02,0.000000000000000000e+00,0.000000000000000000e+00,0.000000000000000000e+00,1.469024783779055636e-04,0.000000000000000000e+00,0.000000000000000000e+00,0.000000000000000000e+00
0.000000000000000000e+00,6.176540245949505709e-02,0.000000000000000000e+00,0.000000000000000000e+00,8.264462809917355601e-03,1.281934802651519580e-02,6.436336916277508478e-04,0.000000000000000000e+00,3.666226719460331855e-05,6.432246998284734361e-03,4.413318441150722998e-02,0.000000000000000000e+00,0.000000000000000000e+00,6.024344955642665748e-03,4.176484706668349110e-03,2.504684951842070517e-02,0.000000000000000000e+00,0.000000000000000000e+00,2.682883205151135719e-04,4.001720964721892926e-03,1.566170712607674233e-04,2.418663509817528621e-04,0.000000000000000000e+00,2.159707645180731703e-02,1.422440967971007678e-03,8.952780702508923022e-03,3.901491746844381464e-02,4.753431442368152328e-03,0.000000000000000000e+00,0.000000000000000000e+00,0.000000000000000000e+00,5.298614790704715130e-04,0.000000000000000000e+00,7.438671517974652209e-05,0.000000000000000000e+00,1.930626166419975576e-04,2.096655833944857889e-04,0.000000000000000000e+00,0.000000000000000000e+00,0.000000000000000000e+00,7.923302432453846890e-05,4.118210021305848114e-04,3.787270124940339457e-03,7.687239182956292268e-04,0.000000000000000000e+00,3.152631349473855593e-02,1.228400622389648597e-04,1.152265739472938151e-03,0.000000000000000000e+00,0.000000000000000000e+00,0.000000000000000000e+00,1.738058951118307601e-04,0.000000000000000000e+00,0.000000000000000000e+00,0.000000000000000000e+00
0.000000000000000000e+00,0.000000000000000000e+00,0.000000000000000000e+00,0.000000000000000000e+00,5.312868949232585868e-03,1.434460818079669013e-02,4.640748798868094926e-04,0.000000000000000000e+00,0.000000000000000000e+00,0.000000000000000000e+00,0.000000000000000000e+00,0.000000000000000000e+00,0.000000000000000000e+00,1.444192283886940389e-03,0.000000000000000000e+00,8.314373048349346998e-03,0.000000000000000000e+00,0.000000000000000000e+00,5.749035439609576385e-04,1.033567016847271617e-03,0.000000000000000000e+00,0.000000000000000000e+00,0.000000000000000000e+00,0.000000000000000000e+00,6.510466921171869162e-03,0.000000000000000000e+00,0.000000000000000000e+00,1.531788326882914473e-03,0.000000000000000000e+00,0.000000000000000000e+00,0.000000000000000000e+00,0.000000000000000000e+00,0.000000000000000000e+00,4.744201128747177476e-02,1.226053639846743336e-02,2.574168221893300768e-04,1.991823042247614899e-03,0.000000000000000000e+00,0.000000000000000000e+00,0.000000000000000000e+00,0.000000000000000000e+00,1.914319131618674773e-03,5.578281889178132637e-04,0.000000000000000000e+00,0.000000000000000000e+00,0.000000000000000000e+00,7.779870608467775442e-04,0.000000000000000000e+00,3.056555723752311590e-02,4.612056954383043916e-02,4.652549955263942522e-02,1.344796727023576943e-02,1.028588606805127398e-02,8.067577828397873990e-03,3.616459833651780587e-02
0.000000000000000000e+00,0.000000000000000000e+00,0.000000000000000000e+00,0.000000000000000000e+00,0.000000000000000000e+00,2.742521082952150899e-02,4.116912769473245193e-02,0.000000000000000000e+00,0.000000000000000000e+00,0.000000000000000000e+00,0.000000000000000000e+00,3.340236488743403233e-05,0.000000000000000000e+00,0.000000000000000000e+00,2.581934785324615806e-03,1.327915173636432314e-03,5.842827928717498774e-05,0.000000000000000000e+00,1.092316733525819589e-03,7.356964490031631283e-03,0.000000000000000000e+00,9.860050890585240948e-04,3.278688524590163932e-03,5.582221008558753590e-03,1.423432248792634580e-02,9.554154546569036373e-04,0.000000000000000000e+00,3.599616670361576506e-03,0.000000000000000000e+00,3.934529430280138320e-04,0.000000000000000000e+00,7.262916175760753511e-04,0.000000000000000000e+00,1.480200426786527391e-02,0.000000000000000000e+00,3.024647660724628234e-02,5.136806793164901651e-03,0.000000000000000000e+00,3.724065973754966258e-02,0.000000000000000000e+00,4.196000527743751554e-03,2.092765854416306012e-02,1.999743569232784735e-01,0.000000000000000000e+00,1.382361072712192469e-04,1.586141045853075736e-04,0.000000000000000000e+00,8.066664215001125710e-03,1.660782648314364576e-02,1.447176717011372168e-02,1.789442290486131792e-02,1.675107128944293075e-02,9.190331770976931808e-05,4.674505290365098958e-02,5.973656363663742280e-03
8.601739462869157889e-04,3.988323760393972829e-03,1.770068147623683535e-03,1.319435281699432539e-04,1.534828807556080227e-02,0.000000000000000000e+00,1.447922939153308275e-01,6.983397959567820557e-02,2.578572739139754766e-02,0.000000000000000000e+00,1.207474265704712213e-04,1.477617562981861296e-03,0.000000000000000000e+00,4.126263668248400919e-05,3.351209284618733575e-02,4.397458938317944099e-03,5.702317838085890767e-03,4.248088360237893026e-04,5.251774193422999691e-03,1.884858753890195082e-02,1.099896234520259843e-02,1.565251841408105441e-03,0.000000000000000000e+00,7.863742784574548339e-02,5.476759261439490380e-04,2.907985751878028324e-02,4.078029834936887366e-02,7.022066565920843375e-04,0.000000000000000000e+00,4.819798552093169930e-03,0.000000000000000000e+00,9.598079570807811420e-03,1.947647242131505095e-05,1.835220434846449380e-02,0.000000000000000000e+00,3.024647660724628321e-03,1.257993500366914787e-03,4.840546697038724741e-03,8.026004253782254212e-05,2.680143962018531308e-04,1.412732863134017088e-02,7.173594062623018033e-03,7.795726284143356111e-02,6.589062156819679552e-04,1.399072948371081829e-02,2.068889112315053930e-03,0.000000000000000000e+00,2.216485026396499552e-02,0.000000000000000000e+00,2.106371774618220210e-04,0.000000000000000000e+00,2.669015400218859238e-05,7.381163271331562083e-05,0.000000000000000000e+00,1.899899168307719465e-04
5.734492975246104898e-04,3.385843366120209271e-04,6.637755553588812986e-04,0.000000000000000000e+00,5.962219598583234914e-02,1.467231430182752705e-01,0.000000000000000000e+00,2.383766893799646180e-01,7.499047377134016035e-02,0.000000000000000000e+00,6.037371328523561065e-05,1.184870814797618979e-02,0.000000000000000000e+00,1.650505467299360368e-04,8.882568695066685172e-03,3.349531650362795078e-03,2.953944750211374634e-02,0.000000000000000000e+00,1.569356942917536635e-02,7.659378140379291544e-02,9.626978609183064681e-03,3.034895429372303898e-03,9.836065573770492662e-03,1.107686184564353749e-01,2.436476597419922046e-03,7.190547885670337674e-03,1.059228528555035843e-03,1.030802729869008698e-03,0.000000000000000000e+00,1.455775889203651330e-03,0.000000000000000000e+00,1.410253017427302857e-03,1.947647242131505095e-05,1.804808992726079269e-03,0.000000000000000000e+00,1.608855138683313061e-03,2.515987000733829575e-03,5.125284738041002361e-03,6.741843573177093429e-03,0.000000000000000000e+00,4.913827609841581179e-02,7.438115622334486379e-03,1.369035105865090973e-01,0.000000000000000000e+00,2.939717142329224472e-02,4.336513443191673882e-05,0.000000000000000000e+00,7.997501830708768009e-03,0.000000000000000000e+00,4.624427149086906691e-06,0.000000000000000000e+00,0.000000000000000000e+00,0.000000000000000000e+00,4.963912506650338665e-04,0.000000000000000000e+00
4.141578259899965191e-04,0.000000000000000000e+00,4.425170369059209109e-05,0.000000000000000000e+00,0.000000000000000000e+00,8.476756654592650488e-04,4.141017604676578215e-03,0.000000000000000000e+00,6.975033230171115428e-02,0.000000000000000000e+00,0.000000000000000000e+00,8.946058336366935829e-03,0.000000000000000000e+00,7.014648236022281427e-04,8.328821888143922480e-05,0.000000000000000000e+00,1.812534573318536762e-02,0.000000000000000000e+00,1.563195547609311925e-03,4.684102743649476951e-04,2.677412677792321075e-03,0.000000000000000000e+00,0.000000000000000000e+00,1.419647927314026141e-04,9.363295880149813107e-05,1.414058607424474969e-04,0.000000000000000000e+00,0.000000000000000000e+00,0.000000000000000000e+00,5.901794145420208022e-05,0.000000000000000000e+00,0.000000000000000000e+00,0.000000000000000000e+00,0.000000000000000000e+00,0.000000000000000000e+00,0.000000000000000000e+00,0.000000000000000000e+00,2.961275626423690369e-02,0.000000000000000000e+00,0.000000000000000000e+00,5.636978579481397716e-04,0.000000000000000000e+00,3.099045493987852068e-05,0.000000000000000000e+00,7.787964084406189154e-03,0.000000000000000000e+00,0.000000000000000000e+00,6.021557174685373778e-05,0.000000000000000000e+00,0.000000000000000000e+00,0.000000000000000000e+00,0.000000000000000000e+00,0.000000000000000000e+00,0.000000000000000000e+00,0.000000000000000000e+00
3.185829430692280499e-04,4.493574188909859181e-05,0.000000000000000000e+00,0.000000000000000000e+00,0.000000000000000000e+00,2.967975543881518316e-05,4.782623939216779606e-03,4.412152241840153893e-02,0.000000000000000000e+00,0.000000000000000000e+00,0.000000000000000000e+00,1.600146487584090324e-02,0.000000000000000000e+00,0.000000000000000000e+00,0.000000000000000000e+00,2.925687536571094322e-05,8.952913937489596907e-02,0.000000000000000000e+00,1.214705974139277528e-02,1.443840262778357071e-03,9.214073268083015911e-02,1.285531561687825505e-03,0.000000000000000000e+00,3.276882311468291755e-03,0.000000000000000000e+00,1.654645148888293088e-02,1.765380880925059557e-04,0.000000000000000000e+00,0.000000000000000000e+00,0.000000000000000000e+00,0.000000000000000000e+00,0.000000000000000000e+00,0.000000000000000000e+00,0.000000000000000000e+00,0.000000000000000000e+00,0.000000000000000000e+00,0.000000000000000000e+00,7.403189066059225922e-03,0.000000000000000000e+00,0.000000000000000000e+00,0.000000000000000000e+00,9.179786110983613183e-06,0.000000000000000000e+00,1.098177026136613259e-04,5.429020546845344727e-03,0.000000000000000000e+00,0.000000000000000000e+00,5.001000200040008016e-05,0.000000000000000000e+00,0.000000000000000000e+00,0.000000000000000000e+00,0.000000000000000000e+00,0.000000000000000000e+00,0.000000000000000000e+00,0.000000000000000000e+00
0.000000000000000000e+00,7.834700608787274756e-02,5.062394902203734559e-02,0.000000000000000000e+00,0.000000000000000000e+00,1.038791440358531387e-03,1.481390697372331991e-04,0.000000000000000000e+00,7.332453438920663710e-05,0.000000000000000000e+00,1.473118604159748823e-01,8.102414519526819137e-05,0.000000000000000000e+00,1.237879100474520411e-04,1.519980032426563807e-02,7.717295767530906771e-04,0.000000000000000000e+00,0.000000000000000000e+00,6.387817155121751388e-06,4.977140303716147407e-04,0.000000000000000000e+00,0.000000000000000000e+00,0.000000000000000000e+00,0.000000000000000000e+00,6.336368332687588190e-04,1.409143514820347942e-01,1.936622826374790329e-01,0.000000000000000000e+00,0.000000000000000000e+00,0.000000000000000000e+00,0.000000000000000000e+00,2.270834910302020886e-04,0.000000000000000000e+00,0.000000000000000000e+00,0.000000000000000000e+00,0.000000000000000000e+00,1.048327916972428944e-04,0.000000000000000000e+00,0.000000000000000000e+00,3.828777088597902159e-05,0.000000000000000000e+00,0.000000000000000000e+00,0.000000000000000000e+00,1.098177026136613259e-04,4.674207721791156324e-05,7.466804069601840413e-03,0.000000000000000000e+00,4.102855857496543260e-04,0.000000000000000000e+00,0.000000000000000000e+00,0.000000000000000000e+00,0.000000000000000000e+00,0.000000000000000000e+00,0.000000000000000000e+00,0.000000000000000000e+00
0.000000000000000000e+00,3.469151412786174865e-02,2.637401539959288374e-02,0.000000000000000000e+00,0.000000000000000000e+00,2.967975543881518248e-04,1.268777913114088497e-05,0.000000000000000000e+00,3.666226719460331855e-05,6.968267581475127981e-02,0.000000000000000000e+00,0.000000000000000000e+00,0.000000000000000000e+00,0.000000000000000000e+00,2.082205472035980620e-04,0.000000000000000000e+00,0.000000000000000000e+00,0.000000000000000000e+00,0.000000000000000000e+00,0.000000000000000000e+00,0.000000000000000000e+00,0.000000000000000000e+00,0.000000000000000000e+00,0.000000000000000000e+00,0.000000000000000000e+00,2.819187757484625171e-04,7.855944920116514352e-03,0.000000000000000000e+00,0.000000000000000000e+00,0.000000000000000000e+00,0.000000000000000000e+00,7.569449701006737642e-05,0.000000000000000000e+00,0.000000000000000000e+00,0.000000000000000000e+00,0.000000000000000000e+00,0.000000000000000000e+00,0.000000000000000000e+00,0.000000000000000000e+00,0.000000000000000000e+00,0.000000000000000000e+00,0.000000000000000000e+00,0.000000000000000000e+00,0.000000000000000000e+00,0.000000000000000000e+00,1.150141371543585535e-03,0.000000000000000000e+00,2.656128263046479460e-04,0.000000000000000000e+00,0.000000000000000000e+00,0.000000000000000000e+00,0.000000000000000000e+00,0.000000000000000000e+00,0.000000000000000000e+00,0.000000000000000000e+00
1.224314250215043504e-01,0.000000000000000000e+00,0.000000000000000000e+00,0.000000000000000000e+00,0.000000000000000000e+00,1.780785326328910786e-04,1.734664202695243530e-03,2.046832059631818745e-01,3.920685512499447190e-02,0.000000000000000000e+00,0.000000000000000000e+00,0.000000000000000000e+00,2.115220098972147023e-01,1.650505467299360368e-04,0.000000000000000000e+00,3.805814274821402697e-05,1.483408612442356778e-01,2.081563296516567574e-01,9.310552859591834929e-03,3.147148759946665712e-04,5.631499315673598252e-03,1.034205044429075820e-01,1.639344262295081966e-03,0.000000000000000000e+00,2.137894174238375022e-04,1.064649309266288120e-03,0.000000000000000000e+00,2.053725457980777250e-05,0.000000000000000000e+00,3.147623544224110764e-04,0.000000000000000000e+00,0.000000000000000000e+00,0.000000000000000000e+00,0.000000000000000000e+00,0.000000000000000000e+00,0.000000000000000000e+00,0.000000000000000000e+00,3.220387243735763350e-01,4.013002126891127106e-05,5.306685044796691925e-02,5.636978579481397716e-04,6.352761219794013457e-04,0.000000000000000000e+00,2.196354052273226517e-04,2.761790201139286555e-02,0.000000000000000000e+00,0.000000000000000000e+00,6.506389493711350783e-05,0.000000000000000000e+00,0.000000000000000000e+00,0.000000000000000000e+00,0.000000000000000000e+00,0.000000000000000000e+00,0.000000000000000000e+00,7.122507122507122049e-05
2.385230494759310593e-01,0.000000000000000000e+00,4.425170369059209109e-05,0.000000000000000000e+00,0.000000000000000000e+00,0.000000000000000000e+00,6.356326769643833290e-04,4.235214395964310985e-02,1.130338337181242651e-02,0.000000000000000000e+00,0.000000000000000000e+00,2.865711700037041898e-01,0.000000000000000000e+00,8.252527336496801838e-05,0.000000000000000000e+00,5.414185165132647616e-05,9.742128859057727630e-02,1.019541206457094326e-02,1.874352973219092257e-03,0.000000000000000000e+00,3.243585282820499877e-03,3.439138173037526586e-02,0.000000000000000000e+00,0.000000000000000000e+00,2.325960801269925048e-04,5.318696281167560082e-04,0.000000000000000000e+00,0.000000000000000000e+00,0.000000000000000000e+00,1.396757947749449223e-03,0.000000000000000000e+00,0.000000000000000000e+00,1.947647242131505095e-05,1.536877372554443848e-05,0.000000000000000000e+00,0.000000000000000000e+00,4.193311667889715777e-04,8.741457858769931255e-02,0.000000000000000000e+00,1.699977027337468485e-02,1.014656144306651589e-02,1.080765523030642042e-04,2.448245940250403079e-03,0.000000000000000000e+00,5.231574103870897940e-02,0.000000000000000000e+00,0.000000000000000000e+00,0.000000000000000000e+00,0.000000000000000000e+00,0.000000000000000000e+00,0.000000000000000000e+00,0.000000000000000000e+00,0.000000000000000000e+00,0.000000000000000000e+00,7.122507122507122049e-05
0.000000000000000000e+00,1.396046079724272285e-03,3.540136295247367287e-04,4.749967014117957576e-03,0.000000000000000000e+00,6.529546196539340363e-04,1.754597663183295056e-03,0.000000000000000000e+00,2.566358703622231689e-04,0.000000000000000000e+00,0.000000000000000000e+00,0.000000000000000000e+00,1.517619188628960758e-03,0.000000000000000000e+00,0.000000000000000000e+00,3.767822460291993247e-02,0.000000000000000000e+00,4.248088360237893026e-04,6.630554207016378307e-03,2.666848720681951491e-03,0.000000000000000000e+00,2.452948023695264088e-02,1.967213114754098532e-02,2.839295854628052281e-04,1.297129366497548342e-01,1.944702796442532831e-04,8.826904404625297786e-05,1.840903123756690643e-02,0.000000000000000000e+00,1.573811772112055382e-04,0.000000000000000000e+00,2.523149900335578649e-05,0.000000000000000000e+00,4.610632117663331883e-05,4.597701149425287293e-03,1.930626166419975576e-04,3.144983750917286968e-04,0.000000000000000000e+00,4.013002126891127106e-05,2.450417336702657382e-03,0.000000000000000000e+00,1.787965062443220383e-03,4.958472790380563308e-04,6.589062156819679552e-04,8.544818725385295265e-04,1.300954032957502232e-04,2.047334370649414419e-03,2.252994706847674059e-04,7.971660746047800131e-04,9.705216793788792309e-04,2.684163435729197775e-03,7.772337592792027960e-03,8.180433156861054503e-03,1.828292197981980444e-03,1.715493645568229525e-03
0.000000000000000000e+00,1.000128268069956222e-01,7.567041331091247346e-03,0.000000000000000000e+00,0.000000000000000000e+00,3.007193491524977422e-03,4.126355274203487994e-03,0.000000000000000000e+00,1.026543481448892675e-03,0.000000000000000000e+00,1.509342832130890232e-04,0.000000000000000000e+00,0.000000000000000000e+00,8.252527336496801838e-05,0.000000000000000000e+00,6.437503923547832629e-03,0.000000000000000000e+00,0.000000000000000000e+00,1.277563431024350278e-05,5.424316535876602847e-03,0.000000000000000000e+00,6.361323155216284378e-04,0.000000000000000000e+00,8.410219015051423330e-02,9.068334544406343300e-04,1.018696059178307405e-02,1.006267102127283986e-02,5.580315950292809855e-05,0.000000000000000000e+00,3.147623544224110764e-04,0.000000000000000000e+00,3.889194931435177149e-03,0.000000000000000000e+00,0.000000000000000000e+00,0.000000000000000000e+00,6.435420554733251920e-05,0.000000000000000000e+00,0.000000000000000000e+00,0.000000000000000000e+00,0.000000000000000000e+00,0.000000000000000000e+00,8.064279793298095172e-05,3.917592293865511366e-04,1.866900944432242377e-03,1.211313758900669731e-04,3.269022896466786121e-03,0.000000000000000000e+00,9.176821815859529177e-03,0.000000000000000000e+00,0.000000000000000000e+00,0.000000000000000000e+00,0.000000000000000000e+00,0.000000000000000000e+00,0.000000000000000000e+00,0.000000000000000000e+00
3.185829430692280499e-05,3.790358195263958396e-02,5.350030976192583082e-02,1.319435281699432539e-03,1.180637544273907850e-03,1.232986871207306795e-02,9.278780027801586047e-03,0.000000000000000000e+00,1.099868015838099353e-04,2.144082332761578012e-04,1.509342832130890232e-04,0.000000000000000000e+00,1.233836738722732165e-04,1.615844852486073846e-01,2.558641017056094424e-02,0.000000000000000000e+00,0.000000000000000000e+00,4.248088360237893026e-04,1.167692975956256297e-02,2.031081820357045695e-02,4.851004851004850913e-04,2.320429517153348165e-02,2.786885245901639385e-02,3.393611432123640886e-02,2.517956642311354187e-01,6.901278567642406443e-03,1.703592550092682470e-02,3.055440262245531086e-02,0.000000000000000000e+00,1.709767294009854281e-03,0.000000000000000000e+00,1.330802983211521601e-03,0.000000000000000000e+00,8.588200282202032403e-04,3.831417624521072599e-03,1.415792522041315477e-03,1.467659083761400658e-03,0.000000000000000000e+00,1.444680765680805704e-03,5.858028945554790215e-03,1.523560837518971901e-03,5.301238250546994393e-03,7.622877760876455716e-03,2.185372282011860401e-02,9.148700000354087480e-03,2.133875092369378126e-02,4.299402178363770713e-03,3.057494138678401238e-03,1.179245283018867880e-03,6.252684249598732848e-04,1.342081717864598888e-03,8.030479661477385109e-03,1.254040713739562260e-02,8.881674220541842810e-04,8.785553322370423957e-04
1.647710981554047494e-01,0.000000000000000000e+00,0.000000000000000000e+00,0.000000000000000000e+00,5.903187721369539251e-04,1.246549728430237794e-03,2.305447065290749768e-03,2.433836539547490907e-01,5.045341602785168300e-01,2.144082332761578012e-04,0.000000000000000000e+00,2.942266282960044332e-01,3.584158393659386821e-02,2.888384567773880779e-04,4.164410944071961240e-05,0.000000000000000000e+00,0.000000000000000000e+00,1.529311809685641489e-02,2.111623646274773114e-01,2.123752487105044686e-03,1.712761127937215133e-01,9.462388254101778209e-03,1.639344262295081966e-03,1.135718341851220912e-03,1.190553946818981030e-04,5.317493816747566673e-04,0.000000000000000000e+00,4.107450915961554500e-05,0.000000000000000000e+00,3.934529430280138456e-05,0.000000000000000000e+00,0.000000000000000000e+00,0.000000000000000000e+00,0.000000000000000000e+00,0.000000000000000000e+00,0.000000000000000000e+00,0.000000000000000000e+00,2.013097949886104854e-01,4.013002126891127106e-05,3.024733899992342306e-03,5.636978579481397716e-04,1.560563638867214394e-04,0.000000000000000000e+00,1.098177026136613259e-04,2.504418011514756431e-02,0.000000000000000000e+00,0.000000000000000000e+00,1.000200040008001603e-04,0.000000000000000000e+00,0.000000000000000000e+00,0.000000000000000000e+00,0.000000000000000000e+00,0.000000000000000000e+00,0.000000000000000000e+00,0.000000000000000000e+00
1.592914715346140358e-03,0.000000000000000000e+00,0.000000000000000000e+00,0.000000000000000000e+00,0.000000000000000000e+00,0.000000000000000000e+00,2.552060053753857469e-04,5.646952527952414863e-04,5.030147720784189716e-03,0.000000000000000000e+00,0.000000000000000000e+00,1.469704055047097368e-03,4.390771706965285182e-02,5.364142768722921601e-04,0.000000000000000000e+00,1.851176211339721877e-04,4.433275996038514230e-03,0.000000000000000000e+00,1.540884493751733600e-02,1.362744699884025018e-03,3.697790164786084362e-03,1.103547015920467445e-01,3.278688524590163932e-03,0.000000000000000000e+00,2.542243588039997873e-05,1.560150909142484497e-04,0.000000000000000000e+00,8.214901831923109000e-05,0.000000000000000000e+00,1.967264715140069228e-05,0.000000000000000000e+00,0.000000000000000000e+00,0.000000000000000000e+00,0.000000000000000000e+00,0.000000000000000000e+00,0.000000000000000000e+00,0.000000000000000000e+00,0.000000000000000000e+00,0.000000000000000000e+00,1.860785665058580299e-02,0.000000000000000000e+00,1.468765777757378109e-04,0.000000000000000000e+00,0.000000000000000000e+00,4.758710470734458554e-03,0.000000000000000000e+00,0.000000000000000000e+00,5.001000200040008016e-05,0.000000000000000000e+00,0.000000000000000000e+00,2.982403817476886538e-04,0.000000000000000000e+00,0.000000000000000000e+00,0.000000000000000000e+00,0.000000000000000000e+00
2.096275765395520796e-02,0.000000000000000000e+00,0.000000000000000000e+00,9.236046971896028860e-04,0.000000000000000000e+00,2.819576766687442119e-03,1.480134104175317641e-02,1.430561307081278490e-03,2.312760972355983047e-02,0.000000000000000000e+00,0.000000000000000000e+00,6.593142924805901750e-03,2.497456073282048727e-03,9.407881163606354041e-03,4.164410944071961240e-05,2.177387660573787756e-03,1.107853180461052245e-01,7.774001699235344454e-02,0.000000000000000000e+00,1.357231052980908403e-01,1.905685130663943294e-01,3.214479770486420446e-02,1.540983606557377039e-01,9.653605905735378190e-03,1.094926123467666011e-02,1.405458721722785539e-03,0.000000000000000000e+00,3.007773494262901050e-03,0.000000000000000000e+00,0.000000000000000000e+00,0.000000000000000000e+00,0.000000000000000000e+00,0.000000000000000000e+00,7.978413871840734110e-04,1.455938697318007700e-02,1.930626166419975576e-04,1.048327916972428944e-04,7.972665148063782029e-03,9.711465147076528762e-03,1.734436021134849390e-02,2.818489289740698858e-03,2.519499157777207229e-03,9.297136481963555119e-04,0.000000000000000000e+00,7.212750938854100777e-03,2.396127857382469978e-05,0.000000000000000000e+00,1.602355757476538981e-04,0.000000000000000000e+00,0.000000000000000000e+00,1.192961526990754615e-03,5.561991033085612011e-04,2.214348981399468625e-04,0.000000000000000000e+00,2.208954567445133368e-03
1.592914715346140249e-04,2.243049425174035733e-03,1.902823258695459686e-03,1.055548225359546032e-03,5.312868949232585868e-03,2.647059709139935532e-02,3.788991629635538039e-02,0.000000000000000000e+00,4.032849391406364702e-04,0.000000000000000000e+00,0.000000000000000000e+00,6.680472977486806466e-05,0.000000000000000000e+00,1.889828760057767759e-02,1.221409745032425373e-02,7.703848340277851155e-03,1.538582695959612567e-03,8.496176720475786051e-04,1.084293118487467678e-01,0.000000000000000000e+00,8.249700018756672693e-02,3.192263179185121473e-03,1.803278688524590292e-02,5.800706268587393910e-02,2.721162392128022994e-02,5.858441354516206317e-02,9.709594845087827835e-04,9.390496697021940078e-03,0.000000000000000000e+00,1.180358829084041604e-04,0.000000000000000000e+00,3.771170216700262348e-04,0.000000000000000000e+00,1.006589740542630264e-02,0.000000000000000000e+00,4.504794388313276073e-04,0.000000000000000000e+00,2.847380410022778909e-04,9.430554998194149580e-03,7.657554177195804318e-05,3.275754060335188747e-03,7.029137106029865849e-03,2.303070149255069879e-02,3.294531078409839776e-04,2.402726273976185103e-04,4.770164787510841066e-04,0.000000000000000000e+00,8.011778787382694905e-05,0.000000000000000000e+00,0.000000000000000000e+00,0.000000000000000000e+00,1.601409240131315475e-04,2.214348981399468625e-04,0.000000000000000000e+00,9.278806448617768921e-04
5.097327089107648798e-03,0.000000000000000000e+00,0.000000000000000000e+00,0.000000000000000000e+00,0.000000000000000000e+00,3.561570652657821572e-04,1.111581562991334655e-02,1.882317509317471766e-03,5.511600669380382206e-02,0.000000000000000000e+00,0.000000000000000000e+00,1.091224029038828300e-02,4.318428585529563118e-04,1.275015473488756018e-02,1.997718766766462442e-04,6.067560385153765055e-04,1.264081868040333456e-01,2.676295666949872476e-02,1.686083691285183705e-01,6.643358519113735927e-02,0.000000000000000000e+00,1.779073072641460321e-02,9.836065573770492662e-03,1.534556883903093714e-02,1.014995225281887636e-03,7.184683381832092375e-02,8.826904404625297786e-05,1.849595750695146555e-03,0.000000000000000000e+00,0.000000000000000000e+00,0.000000000000000000e+00,1.766204930234905495e-04,1.947647242131505095e-05,0.000000000000000000e+00,0.000000000000000000e+00,0.000000000000000000e+00,0.000000000000000000e+00,1.708428246013667454e-03,0.000000000000000000e+00,4.211654797457692334e-03,0.000000000000000000e+00,2.207429976616202361e-04,3.099045493987852068e-05,0.000000000000000000e+00,2.473941711944796420e-03,7.188383572147409595e-05,0.000000000000000000e+00,0.000000000000000000e+00,0.000000000000000000e+00,0.000000000000000000e+00,0.000000000000000000e+00,0.000000000000000000e+00,0.000000000000000000e+00,0.000000000000000000e+00,0.000000000000000000e+00
3.376979196533817437e-03,1.021510841905593007e-04,1.770068147623683644e-04,5.805515239477503607e-03,5.903187721369539251e-04,8.903926631644553931e-05,7.851206840620867516e-04,0.000000000000000000e+00,9.202229065845430808e-03,0.000000000000000000e+00,0.000000000000000000e+00,7.315117910348052470e-03,7.927728390734439801e-02,5.665360016505054802e-02,6.246616416107941860e-05,2.839028658412624112e-02,3.155516080743955929e-03,2.931180968564146005e-01,2.843359343712012488e-02,1.195982017563247679e-02,1.790116779193749383e-02,0.000000000000000000e+00,2.016393442622950727e-01,6.640132038588522981e-04,5.856995799934157365e-02,2.469511027562669350e-03,0.000000000000000000e+00,1.015908367724036726e-02,0.000000000000000000e+00,4.721435316336166418e-04,0.000000000000000000e+00,2.523149900335578649e-05,0.000000000000000000e+00,0.000000000000000000e+00,3.065134099616858340e-03,8.366046721153227225e-04,4.193311667889715777e-04,0.000000000000000000e+00,6.019503190336691336e-04,6.635270694540164327e-02,0.000000000000000000e+00,1.750015004622107115e-03,3.099045493987852068e-05,2.086536349659565137e-03,1.348656894776877231e-02,4.336513443191673882e-05,4.094668741298829108e-05,5.909323009902155664e-04,0.000000000000000000e+00,6.471691718040075542e-05,3.131524008350730810e-03,1.697377343536146275e-03,9.595512252731030166e-04,0.000000000000000000e+00,1.244079735699847328e-03
1.592914715346140358e-03,1.915929033988581127e-05,0.000000000000000000e+00,3.826362316928354473e-03,0.000000000000000000e+00,7.123141305315643145e-04,3.243867221300842339e-03,3.764635018634943287e-05,9.898812142542896212e-04,0.000000000000000000e+00,0.000000000000000000e+00,1.336094595497361293e-04,6.539334715230481340e-04,2.558283474314008814e-03,1.997718766766462442e-04,5.028682480958742915e-03,1.643847181622597100e-03,1.346644010195412189e-01,1.965252969400482427e-02,3.009356187513515316e-02,8.915361301658925389e-03,7.236632857382960249e-02,0.000000000000000000e+00,3.485188653346420543e-03,4.146417653749258359e-02,3.335515537643432647e-04,0.000000000000000000e+00,3.218743158956195033e-03,0.000000000000000000e+00,5.901794145420208022e-05,0.000000000000000000e+00,0.000000000000000000e+00,0.000000000000000000e+00,1.703264190446958024e-03,2.298850574712643646e-03,1.287084110946650384e-04,0.000000000000000000e+00,5.694760820045557817e-04,6.902363658252738676e-03,2.871582816448426355e-03,5.636978579481397716e-04,1.750278227850673952e-03,1.642494111813561433e-03,1.098177026136613259e-04,1.148876320205223685e-02,4.336513443191673882e-05,0.000000000000000000e+00,1.000200040008001603e-04,0.000000000000000000e+00,0.000000000000000000e+00,2.684163435729197775e-03,6.261736792472948543e-04,2.952465308532624833e-04,7.780058690276620221e-04,2.328208092784797220e-03
3.185829430692280499e-05,1.687396590726964254e-02,2.239136206743959703e-02,0.000000000000000000e+00,1.298701298701298787e-02,3.917133231700362095e-02,2.838903460866527492e-02,1.129390505590483054e-04,4.713133845903809231e-03,1.286449399656946916e-03,3.018685664261780533e-05,0.000000000000000000e+00,0.000000000000000000e+00,7.427274602847122468e-04,1.798544026055041434e-01,5.070239704557588656e-02,1.944390433599066818e-05,0.000000000000000000e+00,1.412846733588592543e-02,6.608379273801913423e-02,1.143361991695179478e-02,7.892122844974213541e-04,6.557377049180327863e-03,0.000000000000000000e+00,3.809365191182245702e-02,1.001068753883481016e-01,9.171153676405684185e-02,1.627191392275445167e-02,0.000000000000000000e+00,1.513040822495847256e-03,0.000000000000000000e+00,7.282414968307647681e-03,2.322664560784131426e-05,8.077994001476185943e-04,0.000000000000000000e+00,3.861252332839951152e-04,1.048327916972428944e-04,0.000000000000000000e+00,4.013002126891127106e-05,7.657554177195804318e-05,1.267728389192615502e-03,3.363066663917976210e-03,2.341300375543695772e-02,6.589062156819679552e-04,3.594138789051700474e-04,2.651900478523150362e-03,0.000000000000000000e+00,2.607404120674800246e-03,0.000000000000000000e+00,0.000000000000000000e+00,0.000000000000000000e+00,0.000000000000000000e+00,1.476232654266312417e-04,0.000000000000000000e+00,7.122507122507122049e-05
3.185829430692280499e-05,2.264255882862543576e-02,1.858571555004867636e-03,2.243039978889035425e-03,1.770956316410861884e-03,6.087369436028568746e-03,1.598880026511613137e-02,0.000000000000000000e+00,4.766094735298431208e-04,0.000000000000000000e+00,3.018685664261780533e-05,0.000000000000000000e+00,2.467673477445464126e-05,9.337734681246132040e-02,3.589584276153600512e-02,2.671238416924343051e-01,0.000000000000000000e+00,7.221750212404417710e-03,1.862687482433502892e-02,3.482256063040511246e-02,9.229609815612851292e-03,5.446043676578948833e-02,4.918032786885245811e-02,1.834158882539553836e-01,0.000000000000000000e+00,5.073872152556621086e-03,5.296142642775179214e-04,4.611352403331585997e-02,0.000000000000000000e+00,1.956941444852700746e-02,0.000000000000000000e+00,7.876562209520645771e-03,0.000000000000000000e+00,1.303309018888397031e-03,1.762452107279693578e-02,8.816526159984554994e-03,8.386623335779431554e-04,2.847380410022778909e-04,7.624704041093141420e-03,9.457079408836817011e-03,1.849559622493496171e-03,3.905550113620695572e-03,4.875843956059137604e-03,8.785416209092905201e-03,4.136755247964458634e-03,7.657259866321419577e-04,0.000000000000000000e+00,1.011246688429635020e-02,7.760962359332556704e-04,5.842700670582264997e-04,1.491201908738443269e-04,9.721800391013581816e-03,3.251336281565716385e-02,7.781245825257862049e-03,1.153528265716666050e-02
0.000000000000000000e+00,7.346881556512288060e-03,2.402867510399150225e-02,0.000000000000000000e+00,0.000000000000000000e+00,4.633061419526625195e-03,1.096735687447131756e-02,0.000000000000000000e+00,1.393166153394925820e-03,2.407804459691252064e-01,3.018685664261780465e-04,8.102414519526819137e-05,7.156253084591846338e-04,6.560759232514958017e-03,4.861497381517964483e-02,9.937103661214943123e-03,1.908385617488550815e-03,8.496176720475786051e-04,1.746533325541596918e-02,9.880529147586906979e-02,1.179919980595121320e-01,2.876662958738282223e-03,1.147540983606557333e-02,6.806839027376229700e-02,4.937573029085115181e-03,0.000000000000000000e+00,2.982610998322888229e-01,2.779369325681712785e-03,0.000000000000000000e+00,1.257296409527638341e-03,0.000000000000000000e+00,6.812504730906062929e-04,0.000000000000000000e+00,4.610632117663331883e-05,0.000000000000000000e+00,6.435420554733251920e-05,1.048327916972428944e-04,0.000000000000000000e+00,0.000000000000000000e+00,7.657554177195804318e-05,3.961651216226923445e-05,6.997827460571775463e-04,1.896778100498247317e-03,8.785416209092906069e-04,0.000000000000000000e+00,7.393128852949695795e-03,0.000000000000000000e+00,5.457706221800751479e-04,0.000000000000000000e+00,0.000000000000000000e+00,0.000000000000000000e+00,5.338030800437718477e-05,1.476232654266312417e-04,0.000000000000000000e+00,0.000000000000000000e+00
0.000000000000000000e+00,1.123281881237525454e-01,5.673068413133905419e-02,0.000000000000000000e+00,0.000000000000000000e+00,4.145148090239206273e-03,9.205021845527659903e-04,0.000000000000000000e+00,0.000000000000000000e+00,2.542881646655231753e-01,2.040631509040963590e-02,0.000000000000000000e+00,0.000000000000000000e+00,2.888384567773880779e-04,1.082883453151680664e-01,7.896066088446051026e-03,0.000000000000000000e+00,0.000000000000000000e+00,9.581725732682627760e-05,8.655832914502707741e-04,6.930006930006929488e-05,0.000000000000000000e+00,0.000000000000000000e+00,1.927098064939698416e-02,1.979553884741881589e-04,1.270815273160263714e-01,0.000000000000000000e+00,3.526590492312032605e-05,0.000000000000000000e+00,1.967264715140069228e-05,0.000000000000000000e+00,3.087208816849034299e-03,4.270311802915636860e-05,0.000000000000000000e+00,0.000000000000000000e+00,0.000000000000000000e+00,2.096655833944857889e-04,0.000000000000000000e+00,0.000000000000000000e+00,0.000000000000000000e+00,0.000000000000000000e+00,9.179786110983613183e-06,2.304466055215006527e-05,5.490885130683065751e-04,0.000000000000000000e+00,8.941079403022095945e-03,0.000000000000000000e+00,2.449204238390882520e-03,0.000000000000000000e+00,0.000000000000000000e+00,0.000000000000000000e+00,0.000000000000000000e+00,0.000000000000000000e+00,0.000000000000000000e+00,0.000000000000000000e+00
3.822995316830737141e-04,2.246787094454929590e-05,3.540136295247367287e-04,3.958305845098298269e-03,0.000000000000000000e+00,1.513667527379574480e-03,4.556032808075499534e-03,0.000000000000000000e+00,2.199736031676198706e-04,0.000000000000000000e+00,0.000000000000000000e+00,3.006212839869062503e-04,0.000000000000000000e+00,1.898081287394264450e-03,0.000000000000000000e+00,6.848045217399544200e-04,9.076511360161618625e-04,0.000000000000000000e+00,3.487748166696476651e-03,1.087276042441955894e-02,0.000000000000000000e+00,3.846537433594086116e-03,9.836065573770492662e-03,2.839295854628052281e-04,6.992340898582255146e-03,1.184678494276015831e-04,0.000000000000000000e+00,0.000000000000000000e+00,0.000000000000000000e+00,7.278879446018256651e-04,0.000000000000000000e+00,0.000000000000000000e+00,0.000000000000000000e+00,4.984385228088542875e-03,2.298850574712643646e-03,1.287084110946650276e-03,1.257993500366914701e-02,0.000000000000000000e+00,1.099562582768168900e-02,6.041810245807489183e-02,4.139925520957134925e-02,2.254854146393996464e-02,5.268377339779347973e-04,0.000000000000000000e+00,4.147083218136577137e-04,6.745557115520919335e-03,0.000000000000000000e+00,5.001000200040008016e-05,3.162065368777231878e-04,7.347760877927758704e-05,9.394572025052191563e-03,6.765221948532382061e-03,7.381163271331562083e-05,6.124314084650369456e-04,2.848682945130715828e-03
9.557488292076842852e-05,5.349980343168311316e-04,0.000000000000000000e+00,0.000000000000000000e+00,0.000000000000000000e+00,1.483987771940759124e-04,1.503501827040194978e-03,3.764635018634943287e-05,0.000000000000000000e+00,0.000000000000000000e+00,0.000000000000000000e+00,0.000000000000000000e+00,0.000000000000000000e+00,0.000000000000000000e+00,1.976597090449082762e-03,0.000000000000000000e+00,0.000000000000000000e+00,0.000000000000000000e+00,0.000000000000000000e+00,2.492743426886261321e-04,0.000000000000000000e+00,2.418663509817528621e-04,0.000000000000000000e+00,1.561612720045428863e-03,9.726151634017009945e-05,0.000000000000000000e+00,0.000000000000000000e+00,0.000000000000000000e+00,0.000000000000000000e+00,1.397698728796392398e-01,8.552925413130861576e-02,1.297325976923590085e-01,8.912222612220127571e-02,7.824726134585289691e-04,0.000000000000000000e+00,0.000000000000000000e+00,4.298144459586959037e-03,0.000000000000000000e+00,0.000000000000000000e+00,0.000000000000000000e+00,3.565486094604230897e-04,9.257443816983771615e-04,0.000000000000000000e+00,5.490885130683065751e-04,1.449004393755258481e-03,0.000000000000000000e+00,0.000000000000000000e+00,8.481433445718469799e-02,2.854928697380127128e-04,0.000000000000000000e+00,0.000000000000000000e+00,0.000000000000000000e+00,5.904930617065249666e-04,0.000000000000000000e+00,0.000000000000000000e+00
1.911497658415368516e-03,2.131470381116015375e-03,0.000000000000000000e+00,0.000000000000000000e+00,0.000000000000000000e+00,5.935951087763036496e-04,7.161913707565327296e-03,7.152806535406392449e-04,0.000000000000000000e+00,0.000000000000000000e+00,0.000000000000000000e+00,4.911084052182429407e-04,2.597100433303318329e-03,8.252527336496801838e-05,1.739405439595193004e-03,8.801267382503080358e-06,7.787218362316566608e-05,8.496176720475786051e-04,0.000000000000000000e+00,9.413214552971938898e-04,0.000000000000000000e+00,1.595559692258235627e-03,1.639344262295081966e-03,3.503309058486904579e-03,9.665180587486399909e-05,0.000000000000000000e+00,8.826904404625297786e-05,6.459892175850073283e-04,4.596191726854891718e-02,0.000000000000000000e+00,3.349709691826708528e-03,6.003548375076583205e-02,2.940902822103307057e-02,0.000000000000000000e+00,7.662835249042145849e-04,0.000000000000000000e+00,1.614424992137540593e-02,5.694760820045557817e-04,0.000000000000000000e+00,3.445899379738111604e-04,1.435261125518062916e-03,9.564802681923782052e-03,4.608932110430013053e-05,5.490885130683065751e-04,5.529444290848769877e-04,2.453443734491410648e-04,4.094668741298829108e-05,7.216099991239291467e-02,4.603867158947881860e-04,0.000000000000000000e+00,0.000000000000000000e+00,0.000000000000000000e+00,2.395265831364005462e-04,8.591065292096220580e-05,0.000000000000000000e+00
0.000000000000000000e+00,1.332560680342117880e-02,5.310204442871050388e-04,0.000000000000000000e+00,0.000000000000000000e+00,8.903926631644553931e-05,4.637159269573537176e-04,0.000000000000000000e+00,0.000000000000000000e+00,0.000000000000000000e+00,3.622422797114136775e-04,0.000000000000000000e+00,0.000000000000000000e+00,2.475758200949040823e-04,1.326613472836095375e-02,1.954399171558608846e-04,0.000000000000000000e+00,0.000000000000000000e+00,0.000000000000000000e+00,7.400582732236905608e-04,0.000000000000000000e+00,3.180661577608142460e-05,0.000000000000000000e+00,9.085746734809767300e-03,4.387002918679365959e-04,2.367919845414453734e-03,0.000000000000000000e+00,1.057977147693609849e-04,1.057124097176625060e-01,9.462173200322865352e-02,0.000000000000000000e+00,1.323376550710877175e-01,1.174670746194025617e-01,3.145259227559659993e-03,0.000000000000000000e+00,6.435420554733251920e-05,8.386623335779431554e-04,0.000000000000000000e+00,0.000000000000000000e+00,0.000000000000000000e+00,0.000000000000000000e+00,4.208853003109377586e-04,0.000000000000000000e+00,1.811992093125411665e-02,5.529444290848770013e-05,8.944462660742667423e-03,4.094668741298829108e-05,7.931765193286745286e-02,7.701786814540973857e-05,0.000000000000000000e+00,0.000000000000000000e+00,0.000000000000000000e+00,4.595165885488465904e-05,0.000000000000000000e+00,0.000000000000000000e+00
0.000000000000000000e+00,1.278778930514276905e-03,0.000000000000000000e+00,0.000000000000000000e+00,0.000000000000000000e+00,0.000000000000000000e+00,1.219250773930947768e-04,0.000000000000000000e+00,0.000000000000000000e+00,0.000000000000000000e+00,0.000000000000000000e+00,0.000000000000000000e+00,0.000000000000000000e+00,0.000000000000000000e+00,3.716002530044275765e-03,0.000000000000000000e+00,0.000000000000000000e+00,0.000000000000000000e+00,0.000000000000000000e+00,2.861505164334119202e-04,0.000000000000000000e+00,3.180661577608142460e-05,0.000000000000000000e+00,1.664926318287781280e-03,0.000000000000000000e+00,5.054039343752429487e-04,0.000000000000000000e+00,0.000000000000000000e+00,4.235062376887721580e-01,2.406354303985639223e-02,2.251004912907547950e-01,0.000000000000000000e+00,7.623777465255102137e-02,7.824726134585289691e-04,0.000000000000000000e+00,0.000000000000000000e+00,1.048327916972428944e-04,0.000000000000000000e+00,0.000000000000000000e+00,0.000000000000000000e+00,0.000000000000000000e+00,2.301438756661021380e-04,0.000000000000000000e+00,3.294531078409839776e-04,0.000000000000000000e+00,1.677289500167728951e-04,0.000000000000000000e+00,3.328204329370721554e-02,2.090484992518264120e-04,0.000000000000000000e+00,0.000000000000000000e+00,0.000000000000000000e+00,0.000000000000000000e+00,3.675252712835904833e-04,0.000000000000000000e+00
0.000000000000000000e+00,1.581970404984423581e-04,8.850340738118418218e-05,0.000000000000000000e+00,0.000000000000000000e+00,0.000000000000000000e+00,0.000000000000000000e+00,0.000000000000000000e+00,0.000000000000000000e+00,0.000000000000000000e+00,0.000000000000000000e+00,0.000000000000000000e+00,0.000000000000000000e+00,0.000000000000000000e+00,0.000000000000000000e+00,0.000000000000000000e+00,0.000000000000000000e+00,0.000000000000000000e+00,0.000000000000000000e+00,0.000000000000000000e+00,0.000000000000000000e+00,0.000000000000000000e+00,0.000000000000000000e+00,0.000000000000000000e+00,0.000000000000000000e+00,0.000000000000000000e+00,0.000000000000000000e+00,0.000000000000000000e+00,3.151674326986211166e-02,1.377085300598048358e-04,9.602501116569897577e-02,6.014895859396070287e-04,0.000000000000000000e+00,0.000000000000000000e+00,0.000000000000000000e+00,0.000000000000000000e+00,0.000000000000000000e+00,0.000000000000000000e+00,0.000000000000000000e+00,0.000000000000000000e+00,0.000000000000000000e+00,0.000000000000000000e+00,0.000000000000000000e+00,1.098177026136613259e-04,9.348415443582312647e-05,0.000000000000000000e+00,0.000000000000000000e+00,3.529762976741792572e-03,0.000000000000000000e+00,0.000000000000000000e+00,0.000000000000000000e+00,0.000000000000000000e+00,0.000000000000000000e+00,0.000000000000000000e+00,0.000000000000000000e+00
1.274331772276912200e-04,2.262388015474164644e-04,3.363129480484998868e-03,1.517350573954347540e-02,1.121605667060212447e-02,3.817006529094996159e-02,2.187469120575163614e-02,0.000000000000000000e+00,3.666226719460331855e-05,0.000000000000000000e+00,0.000000000000000000e+00,0.000000000000000000e+00,0.000000000000000000e+00,7.014648236022281427e-04,2.082205472035980620e-04,5.695793354421722215e-03,3.544973565138987022e-04,0.000000000000000000e+00,1.759797485861263125e-02,4.989870391566347818e-02,0.000000000000000000e+00,6.679389312977099301e-04,1.639344262295081966e-03,3.330583875390220622e-03,1.057629586036514663e-02,1.420327038254017666e-04,8.826904404625297786e-05,7.922663854989334120e-02,0.000000000000000000e+00,8.262511803588290689e-04,0.000000000000000000e+00,7.569449701006737642e-05,0.000000000000000000e+00,0.000000000000000000e+00,0.000000000000000000e+00,2.123688783061973215e-03,2.725652584128315445e-02,2.847380410022778909e-04,1.629278863517797521e-02,2.450417336702657382e-03,2.285872751762934793e-02,1.080548591884578497e-01,8.139927870183905068e-02,0.000000000000000000e+00,0.000000000000000000e+00,1.393726367851304271e-02,0.000000000000000000e+00,1.250250050010002058e-03,6.037629026014445892e-03,6.737091739404477489e-03,5.040262451535938021e-02,5.668736168784401126e-03,3.336379411410126880e-03,7.370801336996767039e-03,4.919002008341288867e-02
0.000000000000000000e+00,0.000000000000000000e+00,0.000000000000000000e+00,3.351365615516559149e-02,5.903187721369539251e-04,5.560930079776632735e-03,6.349062477511128663e-03,0.000000000000000000e+00,0.000000000000000000e+00,0.000000000000000000e+00,0.000000000000000000e+00,0.000000000000000000e+00,0.000000000000000000e+00,2.351970290901588510e-03,0.000000000000000000e+00,4.470691600992635702e-04,5.842827928717498774e-05,4.248088360237893026e-04,4.726984694790096163e-03,1.480464320619712115e-02,0.000000000000000000e+00,4.819731698380845834e-04,0.000000000000000000e+00,4.905567819475103878e-04,2.967361233974753071e-02,1.943861286058627065e-05,0.000000000000000000e+00,3.244884485373945859e-02,0.000000000000000000e+00,3.934529430280138456e-05,0.000000000000000000e+00,4.775207124609029863e-05,0.000000000000000000e+00,4.830946099742153971e-02,0.000000000000000000e+00,0.000000000000000000e+00,6.709298668623545243e-03,0.000000000000000000e+00,1.310245194429953131e-01,7.657554177195804318e-05,9.507962918944615725e-04,1.360494559265672601e-02,3.819533935209475789e-02,0.000000000000000000e+00,0.000000000000000000e+00,4.336513443191673882e-05,0.000000000000000000e+00,0.000000000000000000e+00,1.994896947265430934e-03,7.059293649985231558e-04,8.678795108857739748e-02,6.835694673746346706e-03,1.296449332821800540e-02,6.547702917439665767e-03,5.786664232629294691e-02
1.529198126732294856e-03,2.767274226745833603e-03,1.770068147623683644e-04,2.506927035228922150e-03,1.770956316410861884e-03,3.881529341351601381e-03,7.096072634317997577e-03,1.129390505590483054e-04,2.199736031676198706e-04,0.000000000000000000e+00,0.000000000000000000e+00,1.002070946623020970e-04,0.000000000000000000e+00,6.519496595832473262e-03,2.613632116253285058e-03,3.318723936553005707e-03,5.489363998738053772e-04,8.496176720475786051e-04,9.709482075785062652e-04,3.340939890192722722e-03,0.000000000000000000e+00,5.276755966809999407e-03,1.639344262295081966e-03,1.850074818845154389e-03,1.339462822113097161e-02,1.127872222248869053e-04,8.826904404625297786e-05,6.352225857722836738e-03,6.040709126723571576e-02,5.110778429117699556e-02,3.796337650736936013e-03,3.341175122736712161e-02,5.726815736325271272e-03,1.150334121727571851e-02,6.896551724137930939e-03,0.000000000000000000e+00,1.803124017192577755e-01,0.000000000000000000e+00,3.330791765319635403e-03,2.105827398728846167e-03,3.762603924116022375e-02,8.094861351001360339e-02,1.427957663344893218e-03,5.106523171535251593e-02,1.805029892055911873e-03,5.952964571264977856e-03,1.228400622389648597e-04,7.462697453081271193e-02,1.134205768150096764e-02,3.734871333026313408e-03,8.798091261556815340e-03,6.113199379120682481e-03,1.172425032249598681e-01,3.122128570102660761e-01,5.213360278511315789e-03
0.000000000000000000e+00,1.276650070215753835e-04,1.725816443933091485e-03,1.121519989444517799e-02,1.889020070838252560e-02,2.025876682666606296e-02,8.362642460282163070e-03,0.000000000000000000e+00,0.000000000000000000e+00,0.000000000000000000e+00,0.000000000000000000e+00,0.000000000000000000e+00,0.000000000000000000e+00,1.402929647204456285e-03,8.120601340940324011e-04,4.194677720261795473e-03,1.944390433599066818e-05,0.000000000000000000e+00,5.180519712803741128e-03,1.442271143455137704e-02,0.000000000000000000e+00,8.972187070525642575e-04,9.836065573770492662e-03,1.419647927314026141e-04,1.043378234565042403e-02,9.194556822361162453e-05,1.324035660693794695e-03,4.653151467064541719e-02,0.000000000000000000e+00,1.436103242052250628e-03,0.000000000000000000e+00,4.910753462640093242e-05,0.000000000000000000e+00,2.468028043983492292e-01,1.532567049808429170e-03,1.841817362764656685e-01,0.000000000000000000e+00,2.847380410022778909e-04,4.815602552269353069e-03,7.848993031625698877e-03,7.413964503426448416e-02,1.699455160831446210e-01,1.667223914953998645e-02,0.000000000000000000e+00,5.529444290848770013e-05,3.666632570854830818e-03,0.000000000000000000e+00,1.400280056011202244e-03,7.872663506276179196e-03,7.236467300509212899e-03,1.729794214136593997e-02,5.036783515865631000e-02,3.954732446975082680e-04,6.290957157247472654e-03,1.277691858936677756e-02
1.654082640415432126e-01,0.000000000000000000e+00,4.425170369059209109e-05,5.277741126797730158e-04,0.000000000000000000e+00,1.656130353485887191e-02,5.005910281220445068e-02,6.091179460151338598e-02,2.977544396803623317e-02,0.000000000000000000e+00,0.000000000000000000e+00,9.940095610981217189e-02,1.299857506128468572e-02,1.138848772436558757e-02,2.082205472035980620e-05,8.401322136789102311e-04,1.862112260649496087e-01,3.271028037383177239e-02,1.533017150219645464e-01,3.470370068738456298e-02,6.235674833159018243e-02,3.616910335074687705e-02,1.098360655737704861e-01,2.735034349806933756e-03,1.432503340892092927e-02,7.091595041556746403e-06,0.000000000000000000e+00,7.833531185112747874e-02,0.000000000000000000e+00,1.495121183506452735e-03,0.000000000000000000e+00,0.000000000000000000e+00,0.000000000000000000e+00,1.869863547979970899e-03,9.425287356321838950e-02,4.376085977218611631e-03,9.959115211238074930e-03,0.000000000000000000e+00,2.349211445082065863e-01,2.056053296577073364e-01,1.418778065976365743e-01,1.718068499876440267e-02,0.000000000000000000e+00,1.098177026136613259e-04,7.536733883849983107e-02,1.474414570685169106e-03,4.094668741298829108e-05,6.506389493711350783e-05,7.644437048618631439e-05,2.575936522037915551e-05,4.175365344467640502e-03,3.050028989042970120e-03,2.119555878234697602e-03,4.876683524135841212e-03,2.629377030959068051e-02
1.592914715346140358e-03,0.000000000000000000e+00,0.000000000000000000e+00,1.979152922549149134e-03,0.000000000000000000e+00,2.070995067515981128e-02,4.063791062393175280e-02,0.000000000000000000e+00,3.666226719460331855e-05,0.000000000000000000e+00,0.000000000000000000e+00,2.814383345198723718e-04,0.000000000000000000e+00,8.252527336496801838e-05,0.000000000000000000e+00,2.883553411128006710e-04,6.557895945271477629e-03,2.973661852166525118e-03,6.552539063971668694e-03,8.922598727578676461e-03,2.356258646920920876e-03,2.767855927936753967e-03,4.262295081967212851e-02,1.250724018739604636e-03,3.747468150714086503e-03,4.073983541106493503e-05,0.000000000000000000e+00,1.080797285135441611e-03,0.000000000000000000e+00,0.000000000000000000e+00,0.000000000000000000e+00,4.910753462640093242e-05,0.000000000000000000e+00,1.536877372554443848e-05,2.398467432950191491e-01,1.480146727588647860e-03,1.467659083761400658e-03,3.132118451025056854e-03,0.000000000000000000e+00,1.914388544298951012e-04,1.045442685268829948e-02,2.209757929807139396e-03,1.549522746993925763e-04,1.098177026136613259e-04,5.996865063027885306e-04,0.000000000000000000e+00,0.000000000000000000e+00,5.001000200040008016e-05,2.391886687323134628e-04,3.905672275492858675e-04,1.058753355204294748e-02,1.357600349910310401e-03,1.575014475383057369e-03,4.933533284212240910e-03,2.498614295566344012e-02
6.113606677498487074e-02,0.000000000000000000e+00,0.000000000000000000e+00,0.000000000000000000e+00,0.000000000000000000e+00,2.374380435105214653e-04,1.413239392922329384e-03,0.000000000000000000e+00,5.271217164922867814e-03,0.000000000000000000e+00,0.000000000000000000e+00,2.326226537707448347e-02,1.269876512061268205e-02,7.839900969671962424e-04,0.000000000000000000e+00,2.776792134252235780e-03,6.417368099633498184e-03,2.931180968564146144e-02,3.578661183877577569e-03,2.897403068307777621e-03,9.810513308248971359e-04,9.909673832699661400e-02,6.393442622950819276e-02,2.326312470174443734e-03,2.873563218390804558e-03,0.000000000000000000e+00,0.000000000000000000e+00,2.241589335168539532e-02,0.000000000000000000e+00,2.124645892351274996e-03,0.000000000000000000e+00,2.387603562304514932e-05,2.322664560784131426e-05,0.000000000000000000e+00,6.130268199233716679e-03,2.381105605251303183e-03,3.878813292797987297e-03,5.694760820045557817e-04,1.203900638067338132e-04,0.000000000000000000e+00,6.247644559402303066e-02,6.711120580153379436e-03,0.000000000000000000e+00,3.294531078409839776e-04,6.898174045371580076e-02,2.515177797051170675e-03,0.000000000000000000e+00,9.032335762028060667e-05,5.443926530178353097e-05,0.000000000000000000e+00,0.000000000000000000e+00,5.338030800437718612e-04,2.214348981399468625e-04,2.667339861760170509e-04,0.000000000000000000e+00
4.125649112746503783e-02,4.493574188909859181e-05,4.867687405965129884e-04,1.319435281699432539e-04,0.000000000000000000e+00,5.461075000741993403e-03,2.992271586133901998e-02,1.069156345292323826e-02,3.730669746773055979e-03,0.000000000000000000e+00,0.000000000000000000e+00,1.569079202944985429e-02,1.931037972615481024e-03,9.903032803796163290e-04,0.000000000000000000e+00,1.044618965917338584e-02,1.111379970083304497e-02,1.699235344095157210e-03,8.292379063356770247e-03,9.836798189223174352e-03,3.257182295839410654e-03,2.685131320161859847e-02,6.229508196721311730e-02,1.265540699065059727e-02,4.901323624182623954e-03,4.797924687357335398e-04,6.178833083237708721e-04,1.542778321980742273e-01,0.000000000000000000e+00,3.333286586449013544e-02,0.000000000000000000e+00,6.235159310922208653e-03,1.558117793705204076e-04,1.041937920111382469e-02,6.130268199233716679e-03,3.835510650621017786e-02,6.573016039417130252e-02,1.879271070615034026e-02,6.260283317950158556e-03,2.168236465272991853e-01,0.000000000000000000e+00,8.636344274868815174e-02,1.549522746993925763e-04,2.097518119920931123e-02,9.054857106613986573e-02,7.964338302330321862e-03,4.094668741298829108e-05,4.105641384795294738e-03,9.775715146051668514e-04,9.856682588936676085e-05,4.175365344467640502e-03,5.071129260415832519e-04,6.382192930380021362e-03,1.671229476179719384e-02,4.334727080435860254e-03
2.580521838860747475e-03,2.471465803900422414e-04,1.681564740242499434e-03,5.145797598627787663e-03,2.361275088547815700e-03,1.195987626301763494e-02,2.376975211307544647e-02,0.000000000000000000e+00,1.759788825340958965e-03,0.000000000000000000e+00,0.000000000000000000e+00,6.154619833942127222e-04,0.000000000000000000e+00,1.650505467299360368e-04,4.912806427616834767e-04,8.490529720949411413e-03,1.145388500234913610e-03,0.000000000000000000e+00,4.177171015701829082e-03,1.665361740189579345e-02,1.978229585472105769e-04,1.711604142003782681e-03,3.442622950819672345e-02,6.504152588616159310e-03,5.762470848523216539e-03,1.535014558735889659e-04,1.765380880925059666e-03,9.294668053593328760e-02,0.000000000000000000e+00,7.790368271954673830e-03,0.000000000000000000e+00,2.068460613052628457e-03,0.000000000000000000e+00,1.083323556382119052e-01,0.000000000000000000e+00,3.130188557822253803e-01,6.101268476779536654e-02,0.000000000000000000e+00,3.531441871664191962e-03,2.871582816448426355e-03,1.348343301776793735e-01,0.000000000000000000e+00,2.369189928161848785e-02,2.635624862727871821e-03,2.573181719627193244e-03,2.168712463867410178e-02,8.189337482597658217e-05,1.542140185729685108e-03,2.046098670500653364e-03,9.924824512874174179e-04,6.412168207575306110e-03,4.605439619744221454e-03,1.022149676396940602e-03,1.041935749007819913e-02,4.759428742466413446e-03
0.000000000000000000e+00,6.740361283364788771e-05,1.770068147623683644e-04,0.000000000000000000e+00,1.800472255017709633e-01,5.805137723839276509e-02,1.212659588859850007e-01,0.000000000000000000e+00,0.000000000000000000e+00,0.000000000000000000e+00,0.000000000000000000e+00,0.000000000000000000e+00,0.000000000000000000e+00,8.252527336496801838e-05,3.914546287427642969e-03,1.415377308971477958e-03,5.842827928717498774e-05,0.000000000000000000e+00,5.381056827366215850e-03,3.445078226021407869e-02,4.435573297848746698e-05,1.800390524009742518e-03,4.918032786885246331e-03,1.268265436157285653e-02,7.288219195730127713e-03,1.613939131556889730e-03,1.765380880925059557e-04,1.022152399998808685e-02,0.000000000000000000e+00,1.042650299024236796e-03,0.000000000000000000e+00,4.541669820604041772e-04,0.000000000000000000e+00,2.831827999567083920e-02,0.000000000000000000e+00,3.024647660724628321e-03,3.669147709403501427e-03,0.000000000000000000e+00,1.781772944339660505e-02,0.000000000000000000e+00,2.416607241898423471e-03,9.207080651261417489e-03,0.000000000000000000e+00,0.000000000000000000e+00,0.000000000000000000e+00,2.887095078810577968e-04,0.000000000000000000e+00,2.350470094018803930e-03,7.644437048618631439e-05,4.782359857205133831e-04,1.014017297942141314e-02,0.000000000000000000e+00,1.378549765646539839e-04,2.882816865591235692e-03,0.000000000000000000e+00
9.557488292076842852e-05,1.309264915680616835e-02,9.558367997167891567e-03,0.000000000000000000e+00,5.903187721369539251e-04,3.264773098269670181e-04,4.234822269401297017e-04,0.000000000000000000e+00,3.666226719460331855e-05,0.000000000000000000e+00,2.113079964983246271e-04,0.000000000000000000e+00,1.233836738722732063e-05,2.087889416133691112e-02,2.339619934416190504e-03,5.463770874266799318e-03,0.000000000000000000e+00,0.000000000000000000e+00,4.215959322380356052e-04,3.014433367009316123e-03,0.000000000000000000e+00,2.129566334045528055e-03,4.918032786885246331e-03,2.083661131172878222e-03,9.281291279466993491e-03,2.030604643685900244e-03,5.296142642775179214e-04,1.398811848699748131e-02,3.282994090610637065e-03,1.526422118132493046e-02,0.000000000000000000e+00,3.381953425255329691e-03,4.232810071050374396e-04,2.360717658168083209e-04,0.000000000000000000e+00,3.861252332839951152e-04,1.205577104518293363e-02,0.000000000000000000e+00,0.000000000000000000e+00,1.914388544298951012e-04,3.961651216226923445e-05,7.409749326413794628e-03,6.198090987975704135e-05,0.000000000000000000e+00,5.717810855942417891e-03,1.405033971606653997e-01,4.504135615428711613e-04,2.971520720715468619e-02,6.918007466236359738e-04,8.977571654982120081e-05,0.000000000000000000e+00,1.460763461717757032e-03,5.773567482473450363e-02,1.228686611098383586e-03,1.424501424501424410e-04
6.941922329478479592e-02,9.579645169942905636e-05,8.850340738118418218e-05,0.000000000000000000e+00,0.000000000000000000e+00,1.483987771940759124e-04,4.334378142685079739e-03,1.317622256522230171e-03,3.372928581903504846e-03,0.000000000000000000e+00,0.000000000000000000e+00,3.697373318351146465e-02,7.859873931721423831e-03,0.000000000000000000e+00,0.000000000000000000e+00,6.701125294154622585e-04,1.261510296430367294e-02,2.548853016142735815e-03,7.434231365698013884e-03,4.664594482157916229e-03,3.754914817208479527e-03,5.610631427545097194e-02,3.442622950819672345e-02,6.736286071521765256e-03,2.189510250520204876e-04,1.397963450673342454e-04,0.000000000000000000e+00,1.069180076662451214e-03,6.565988181221273264e-04,4.188520835086341487e-03,0.000000000000000000e+00,9.167775973378902189e-04,1.947647242131505095e-05,0.000000000000000000e+00,0.000000000000000000e+00,1.930626166419975576e-04,2.515987000733829575e-03,6.264236902050113708e-03,1.203900638067338132e-04,2.557623095183398504e-02,2.075038765672752167e-02,3.114495378739993471e-03,0.000000000000000000e+00,1.427630133977597290e-03,0.000000000000000000e+00,3.035559410234171785e-04,4.094668741298829108e-05,1.434459228812101986e-03,1.088785306035670619e-04,3.079576250307957622e-05,0.000000000000000000e+00,0.000000000000000000e+00,7.381163271331562083e-05,4.194826251572019858e-04,0.000000000000000000e+00
3.185829430692280499e-05,4.090377133020012962e-02,2.725904947340472562e-02,4.222192901438184126e-03,0.000000000000000000e+00,4.980372213266705348e-04,1.730218695896221346e-04,0.000000000000000000e+00,0.000000000000000000e+00,2.144082332761578012e-04,3.350741087330576327e-03,3.340236488743403233e-05,2.467673477445464126e-05,1.182999793686816542e-01,1.157286772216177713e-03,1.340022688000203424e-02,2.766251728907330497e-04,0.000000000000000000e+00,3.749648670056468167e-03,6.482254181519064330e-03,0.000000000000000000e+00,4.843374332597502607e-03,3.278688524590163932e-03,3.228444499697940163e-03,8.980305567481250417e-03,2.926221261603560112e-03,6.355371171330214189e-03,7.494258578572604579e-02,0.000000000000000000e+00,1.213802329241422777e-02,8.932559178204555134e-04,5.433103867299137781e-03,2.188261791814762134e-03,1.290395284328776232e-02,2.298850574712643646e-03,1.480146727588647860e-03,2.107139113114582171e-02,0.000000000000000000e+00,0.000000000000000000e+00,1.393674860249636237e-02,2.835439082712042091e-02,3.920578034566311182e-02,1.160160253717856137e-04,2.923347243575664667e-01,3.857109172718475431e-03,0.000000000000000000e+00,2.391286544918516110e-01,5.017604652983345681e-02,3.705839468037623575e-04,9.019128241591488522e-04,4.473605726215329806e-04,1.016417035731058682e-01,6.071276436144004002e-02,1.966160204776554003e-03,6.040314541421318772e-04
0.000000000000000000e+00,2.798768541841589738e-05,0.000000000000000000e+00,8.180498746536481527e-03,5.903187721369539251e-04,4.498977505112474774e-03,6.185783183057244963e-04,0.000000000000000000e+00,0.000000000000000000e+00,0.000000000000000000e+00,0.000000000000000000e+00,0.000000000000000000e+00,0.000000000000000000e+00,3.086445223849804131e-02,0.000000000000000000e+00,1.661457356000694500e-03,0.000000000000000000e+00,0.000000000000000000e+00,4.471472008585226378e-04,2.548595934074851174e-04,0.000000000000000000e+00,8.331135261983937945e-04,1.639344262295081966e-03,0.000000000000000000e+00,1.609571346506356556e-03,6.865774116031581727e-06,0.000000000000000000e+00,9.461019815689772003e-03,0.000000000000000000e+00,9.836323575700345800e-05,0.000000000000000000e+00,2.387603562304514932e-05,0.000000000000000000e+00,2.748020007792360397e-03,0.000000000000000000e+00,2.445459810798635784e-03,2.306321417339343705e-03,0.000000000000000000e+00,0.000000000000000000e+00,4.211654797457691900e-04,2.773155851358846615e-04,3.902182780971622574e-03,0.000000000000000000e+00,0.000000000000000000e+00,0.000000000000000000e+00,8.854428104547319711e-03,0.000000000000000000e+00,0.000000000000000000e+00,5.939952451877765320e-03,3.150910476819285700e-03,1.491201908738443269e-04,1.799546607535906784e-01,2.818627540762459055e-02,1.803340926347760066e-03,2.801822634224868623e-04
0.000000000000000000e+00,8.777171055238196240e-02,1.876272236481104499e-02,0.000000000000000000e+00,0.000000000000000000e+00,1.216869972991422655e-03,2.214127852137294950e-03,0.000000000000000000e+00,3.666226719460331855e-05,6.432246998284734361e-03,1.491230718145319586e-02,0.000000000000000000e+00,0.000000000000000000e+00,1.691768103981844363e-03,1.927828572089338235e-02,2.156574102789632786e-03,0.000000000000000000e+00,0.000000000000000000e+00,2.039487452160996237e-04,5.051436174118594837e-03,0.000000000000000000e+00,1.590330788804071094e-04,3.278688524590163932e-03,9.674363011055250525e-03,1.631010159016892114e-03,8.289200449917493926e-03,1.121016859387412822e-02,2.229843497255099959e-03,2.363755745239658548e-02,1.070811401253439765e-01,7.414024117909781553e-02,7.789458897481221777e-02,3.615428152052319738e-02,8.285789346351622947e-04,0.000000000000000000e+00,1.287084110946650384e-04,3.354649334311772622e-03,0.000000000000000000e+00,0.000000000000000000e+00,0.000000000000000000e+00,0.000000000000000000e+00,3.165934511754683791e-03,3.226252477301009137e-04,1.514386119042389622e-01,1.678734531079785486e-03,1.614892252593356503e-01,8.189337482597658217e-05,0.000000000000000000e+00,3.607902449057522466e-04,0.000000000000000000e+00,1.491201908738443269e-04,1.233548839431107904e-04,8.020904789383888692e-03,3.859032164635339737e-03,0.000000000000000000e+00
0.000000000000000000e+00,0.000000000000000000e+00,0.000000000000000000e+00,6.861063464837049639e-03,3.128689492325856247e-02,2.671177989493366315e-04,4.139160089670411658e-05,0.000000000000000000e+00,0.000000000000000000e+00,0.000000000000000000e+00,3.018685664261780533e-05,0.000000000000000000e+00,0.000000000000000000e+00,0.000000000000000000e+00,2.082205472035980620e-05,6.548788474132285781e-04,0.000000000000000000e+00,0.000000000000000000e+00,0.000000000000000000e+00,0.000000000000000000e+00,0.000000000000000000e+00,0.000000000000000000e+00,0.000000000000000000e+00,4.905567819475103878e-04,7.807487778610092740e-04,2.293641159826078062e-03,0.000000000000000000e+00,0.000000000000000000e+00,0.000000000000000000e+00,3.934529430280138456e-05,0.000000000000000000e+00,1.261574950167789562e-04,0.000000000000000000e+00,5.901794145420208022e-05,0.000000000000000000e+00,5.791878499259926240e-03,1.467659083761400658e-03,0.000000000000000000e+00,4.414302339580239952e-04,0.000000000000000000e+00,0.000000000000000000e+00,1.041014374079022361e-03,3.099045493987852068e-05,0.000000000000000000e+00,0.000000000000000000e+00,0.000000000000000000e+00,2.866268118909180511e-04,0.000000000000000000e+00,0.000000000000000000e+00,6.054728904232520303e-01,2.236802863107664741e-03,1.701544163892219170e-03,9.680178896442219461e-02,2.484739605619505909e-01,2.969668839513547876e-01
0.000000000000000000e+00,6.383250351078769173e-05,8.850340738118418218e-05,3.162686370233540045e-01,3.128689492325856247e-02,1.428990397070408619e-02,6.618970018953923562e-03,0.000000000000000000e+00,3.503240497460150351e-04,4.716981132075471518e-03,3.018685664261780533e-05,0.000000000000000000e+00,0.000000000000000000e+00,7.014648236022281427e-04,3.247042049988050814e-04,6.146571601091914069e-03,0.000000000000000000e+00,0.000000000000000000e+00,5.749035439609576927e-05,1.482742288755310679e-03,0.000000000000000000e+00,2.226463104325699586e-04,0.000000000000000000e+00,1.380996732824976052e-03,9.143274465532194237e-03,3.887722572117254129e-05,0.000000000000000000e+00,6.138347545322090162e-04,0.000000000000000000e+00,2.754170601196096716e-04,0.000000000000000000e+00,1.764849466854594671e-03,0.000000000000000000e+00,2.214624364556144753e-02,2.375478927203064985e-02,3.642448033979020505e-02,5.241639584862145020e-03,0.000000000000000000e+00,4.534692403386973887e-03,0.000000000000000000e+00,1.127395715896279543e-03,1.227296440543950568e-02,1.907139199273833081e-03,2.196354052273226517e-04,0.000000000000000000e+00,2.829779201701637637e-04,2.858078781426582476e-02,5.951190238047609701e-03,4.976650667735711409e-01,0.000000000000000000e+00,2.470921562779600233e-01,5.248480211965513703e-02,4.238995758039158790e-02,7.365593968448795603e-02,1.821237284987655136e-01
0.000000000000000000e+00,0.000000000000000000e+00,0.000000000000000000e+00,2.335400448607995866e-02,5.903187721369539251e-04,7.196921899817534073e-03,5.528345028278659409e-03,0.000000000000000000e+00,0.000000000000000000e+00,0.000000000000000000e+00,0.000000000000000000e+00,0.000000000000000000e+00,0.000000000000000000e+00,4.538890035073241147e-04,0.000000000000000000e+00,4.439285363612464202e-03,0.000000000000000000e+00,0.000000000000000000e+00,1.418095408437028849e-03,3.612186215245302787e-03,0.000000000000000000e+00,1.011272442570152526e-03,0.000000000000000000e+00,0.000000000000000000e+00,1.512743058131840734e-02,3.064852274120387484e-05,0.000000000000000000e+00,1.557573604691855039e-02,0.000000000000000000e+00,5.901794145420208022e-05,0.000000000000000000e+00,1.432562137382708959e-04,0.000000000000000000e+00,8.447931922514735625e-02,2.252873563218390773e-01,3.346418688461290890e-03,3.606248034385155926e-02,0.000000000000000000e+00,7.648782053854488727e-02,0.000000000000000000e+00,1.078712516057639664e-03,1.232991180235970194e-02,9.738155922898547590e-03,0.000000000000000000e+00,5.529444290848770013e-05,2.601908065915004464e-04,0.000000000000000000e+00,1.000200040008001603e-04,4.761716441029636461e-03,9.564514490384935438e-03,0.000000000000000000e+00,8.363178321764081283e-03,9.687822582476714878e-03,7.598689617922644961e-03,4.221833538946943853e-02
0.000000000000000000e+00,2.983306766279989895e-04,4.867687405965129884e-04,7.481198047235783355e-02,2.361275088547815700e-03,9.202108027390590306e-03,1.409172510265173850e-03,0.000000000000000000e+00,0.000000000000000000e+00,0.000000000000000000e+00,0.000000000000000000e+00,0.000000000000000000e+00,0.000000000000000000e+00,1.547348875593150368e-02,2.082205472035980620e-04,1.740344505634473099e-02,0.000000000000000000e+00,4.248088360237893026e-04,1.009275110509236760e-03,7.499475408245028516e-04,0.000000000000000000e+00,8.204327479136638976e-04,0.000000000000000000e+00,0.000000000000000000e+00,8.747238596392495347e-03,1.601083878220509551e-04,5.296142642775179214e-04,1.814826112059164318e-02,0.000000000000000000e+00,1.081995593327037984e-03,0.000000000000000000e+00,1.009570813069449657e-03,0.000000000000000000e+00,3.789988672503059181e-02,9.195402298850574585e-03,7.317073170731706877e-02,9.120452877660131796e-02,0.000000000000000000e+00,1.886110999638829916e-03,2.565280649360594020e-03,4.574032274013702798e-03,4.107323955767666623e-02,1.898382113997693554e-03,6.259609048978695411e-03,2.764722145424385006e-05,2.046619462601514949e-02,1.836458930472524842e-01,5.253594826871678869e-04,3.223340822185105647e-02,4.155816638979403788e-02,2.192066805845511654e-02,0.000000000000000000e+00,1.984377005806189573e-02,1.442672741078208053e-02,2.349037344073682046e-02
0.000000000000000000e+00,5.597537083683179476e-05,0.000000000000000000e+00,7.006201345823986903e-02,0.000000000000000000e+00,6.253688346908634933e-03,2.944606454274666498e-04,0.000000000000000000e+00,0.000000000000000000e+00,0.000000000000000000e+00,0.000000000000000000e+00,0.000000000000000000e+00,0.000000000000000000e+00,3.230864452238497997e-02,0.000000000000000000e+00,3.530192554014260388e-03,0.000000000000000000e+00,4.248088360237893026e-04,9.257720837448575645e-04,5.587195497427304520e-04,0.000000000000000000e+00,2.275918634641205512e-03,1.639344262295081966e-03,0.000000000000000000e+00,2.283419494227066290e-02,7.091595041556746403e-06,0.000000000000000000e+00,1.805283777578282206e-02,0.000000000000000000e+00,1.495121183506452735e-03,0.000000000000000000e+00,1.337057994890528470e-03,0.000000000000000000e+00,8.264793299161838844e-03,1.685823754789271892e-02,1.298667867945170196e-01,1.418387671663696448e-01,0.000000000000000000e+00,8.427304466471366787e-03,1.144804349490772567e-02,1.538835749761921154e-02,3.965777260905022084e-02,1.160160253717856137e-04,5.490885130683065751e-04,5.529444290848770013e-05,2.736560891926486955e-03,3.971828679059864059e-03,4.301878018766274966e-04,2.132341269810044196e-02,1.814534570817401618e-02,1.491201908738443160e-02,9.712991618703875618e-02,0.000000000000000000e+00,5.167863087215746748e-02,1.382178806065149403e-02
0.000000000000000000e+00,0.000000000000000000e+00,0.000000000000000000e+00,2.361789154241984365e-02,0.000000000000000000e+00,4.304256459307143762e-03,1.721826994575702860e-04,0.000000000000000000e+00,0.000000000000000000e+00,0.000000000000000000e+00,0.000000000000000000e+00,3.340236488743403233e-05,0.000000000000000000e+00,9.655456983701259099e-03,0.000000000000000000e+00,1.702685003274394216e-03,2.960690772267237552e-04,4.248088360237893026e-04,2.810639548253570882e-04,1.675322499581169162e-04,0.000000000000000000e+00,4.475290235368956896e-04,0.000000000000000000e+00,0.000000000000000000e+00,3.056828261708912503e-02,0.000000000000000000e+00,0.000000000000000000e+00,7.165210274312479397e-04,0.000000000000000000e+00,4.819798552093169930e-03,0.000000000000000000e+00,4.307372372735376181e-02,0.000000000000000000e+00,7.210597065539461024e-03,1.992337164750957942e-02,1.531630092026513984e-02,7.432644931334521365e-02,0.000000000000000000e+00,4.374172318311328467e-02,2.680143962018531308e-04,9.202464674085628071e-04,1.848479581357461224e-02,2.304466055215006527e-05,4.392708104546453034e-04,0.000000000000000000e+00,4.142474884610753186e-04,1.146507247563672205e-03,2.661244599133591807e-03,7.104250747010498745e-02,2.408850982250436076e-02,8.753355204294661907e-02,2.299761885414286500e-02,2.499323749502325998e-01,0.000000000000000000e+00,6.379905607735063267e-02
0.000000000000000000e+00,0.000000000000000000e+00,0.000000000000000000e+00,1.023881778598759729e-01,3.010625737898465007e-02,2.800773823722392530e-02,5.765351278350799163e-03,0.000000000000000000e+00,0.000000000000000000e+00,0.000000000000000000e+00,0.000000000000000000e+00,0.000000000000000000e+00,0.000000000000000000e+00,9.490406436971322249e-04,0.000000000000000000e+00,1.154391499835659765e-02,5.842827928717498774e-05,4.248088360237893026e-04,4.152081150829138741e-04,8.843216580448316029e-04,0.000000000000000000e+00,2.544529262086513968e-04,3.278688524590163932e-03,0.000000000000000000e+00,3.206287114085470263e-02,0.000000000000000000e+00,0.000000000000000000e+00,9.750621468506234790e-03,0.000000000000000000e+00,0.000000000000000000e+00,0.000000000000000000e+00,0.000000000000000000e+00,0.000000000000000000e+00,1.101039303527229229e-02,1.578544061302681878e-01,1.409357101486582130e-02,6.394800293531816872e-03,0.000000000000000000e+00,1.867249889642441374e-01,1.148633126579370580e-04,3.961651216226923445e-05,1.108403698864240429e-02,1.661803691955157647e-02,0.000000000000000000e+00,0.000000000000000000e+00,0.000000000000000000e+00,0.000000000000000000e+00,1.000200040008001603e-04,1.523451278706474399e-01,7.856439454894424690e-02,2.551446465851476275e-01,8.874833276359912759e-02,1.520959206893090707e-02,5.179590446891951805e-02,0.000000000000000000e+00
